username,password,name,email
user0,1234567890,User 0,test0@test.com
user1,1234567890,User 1,test1@test.com
user2,1234567890,User 2,test2@test.com
user3,1234567890,User 3,test3@test.com
user4,1234567890,User 4,test4@test.com
user5,1234567890,User 5,test5@test.com
user6,1234567890,User 6,test6@test.com
user7,1234567890,User 7,test7@test.com
user8,1234567890,User 8,test8@test.com
user9,1234567890,User 9,test9@test.com
user10,1234567890,User 10,test10@test.com
user11,1234567890,User 11,test11@test.com
user12,1234567890,User 12,test12@test.com
user13,1234567890,User 13,test13@test.com
user14,1234567890,User 14,test14@test.com
user15,1234567890,User 15,test15@test.com
user16,1234567890,User 16,test16@test.com
user17,1234567890,User 17,test17@test.com
user18,1234567890,User 18,test18@test.com
user19,1234567890,User 19,test19@test.com
user20,1234567890,User 20,test20@test.com
user21,1234567890,User 21,test21@test.com
user22,1234567890,User 22,test22@test.com
user23,1234567890,User 23,test23@test.com
user24,1234567890,User 24,test24@test.com
user25,1234567890,User 25,test25@test.com
user26,1234567890,User 26,test26@test.com
user27,1234567890,User 27,test27@test.com
user28,1234567890,User 28,test28@test.com
user29,1234567890,User 29,test29@test.com
user30,1234567890,User 30,test30@test.com
user31,1234567890,User 31,test31@test.com
user32,1234567890,User 32,test32@test.com
user33,1234567890,User 33,test33@test.com
user34,1234567890,User 34,test34@test.com
user35,1234567890,User 35,test35@test.com
user36,1234567890,User 36,test36@test.com
user37,1234567890,User 37,test37@test.com
user38,1234567890,User 38,test38@test.com
user39,1234567890,User 39,test39@test.com
user40,1234567890,User 40,test40@test.com
user41,1234567890,User 41,test41@test.com
user42,1234567890,User 42,test42@test.com
user43,1234567890,User 43,test43@test.com
user44,1234567890,User 44,test44@test.com
user45,1234567890,User 45,test45@test.com
user46,1234567890,User 46,test46@test.com
user47,1234567890,User 47,test47@test.com
user48,1234567890,User 48,test48@test.com
user49,1234567890,User 49,test49@test.com
user50,1234567890,User 50,test50@test.com
user51,1234567890,User 51,test51@test.com
user52,1234567890,User 52,test52@test.com
user53,1234567890,User 53,test53@test.com
user54,1234567890,User 54,test54@test.com
user55,1234567890,User 55,test55@test.com
user56,1234567890,User 56,test56@test.com
user57,1234567890,User 57,test57@test.com
user58,1234567890,User 58,test58@test.com
user59,1234567890,User 59,test59@test.com
user60,1234567890,User 60,test60@test.com
user61,1234567890,User 61,test61@test.com
user62,1234567890,User 62,test62@test.com
user63,1234567890,User 63,test63@test.com
user64,1234567890,User 64,test64@test.com
user65,1234567890,User 65,test65@test.com
user66,1234567890,User 66,test66@test.com
user67,1234567890,User 67,test67@test.com
user68,1234567890,User 68,test68@test.com
user69,1234567890,User 69,test69@test.com
user70,1234567890,User 70,test70@test.com
user71,1234567890,User 71,test71@test.com
user72,1234567890,User 72,test72@test.com
user73,1234567890,User 73,test73@test.com
user74,1234567890,User 74,test74@test.com
user75,1234567890,User 75,test75@test.com
user76,1234567890,User 76,test76@test.com
user77,1234567890,User 77,test77@test.com
user78,1234567890,User 78,test78@test.com
user79,1234567890,User 79,test79@test.com
user80,1234567890,User 80,test80@test.com
user81,1234567890,User 81,test81@test.com
user82,1234567890,User 82,test82@test.com
user83,1234567890,User 83,test83@test.com
user84,1234567890,User 84,test84@test.com
user85,1234567890,User 85,test85@test.com
user86,1234567890,User 86,test86@test.com
user87,1234567890,User 87,test87@test.com
user88,1234567890,User 88,test88@test.com
user89,1234567890,User 89,test89@test.com
user90,1234567890,User 90,test90@test.com
user91,1234567890,User 91,test91@test.com
user92,1234567890,User 92,test92@test.com
user93,1234567890,User 93,test93@test.com
user94,1234567890,User 94,test94@test.com
user95,1234567890,User 95,test95@test.com
user96,1234567890,User 96,test96@test.com
user97,1234567890,User 97,test97@test.com
user98,1234567890,User 98,test98@test.com
user99,1234567890,User 99,test99@test.com